season	episode_total	episode_season	ep_id	main_segment	air_date	viewers	period	ytid	youtube_link	aligned	checked	subs	ytdate	length	views	likes	comms	duration	syls	wrds
1	1	1	01_01	POM Wonderful LLC v. Coca-Cola Co.	April 27, 2014	1.11	precovid	NA	NA	NA	NA	NA	NA	NA	NA	NA	NA	NA	NA	NA
1	2	2	01_02	Death Penalty	May 4, 2014	1.19	precovid	Kye2oX-b39E	https://www.youtube.com/watch?v=Kye2oX-b39E	NA	aligned	NA	2014-05-05	743	13496444	119000	8800	00:12:23	2705	1757
1	3	3	01_03	Climate change denial	May 11, 2014	1.01	precovid	NA	NA	NA	NA	NA	NA	NA	NA	NA	NA	NA	NA	NA
1	4	4	01_04	Right to be forgotten	May 18, 2014	1.03	precovid	r-ERajkMXw0	https://www.youtube.com/watch?v=r-ERajkMXw0	NA	aligned	NA	2014-05-19	419	7623822	56668	1700	00:06:59	1543	1009
1	5	5	01_05	Net neutrality	June 1, 2014	0.99	precovid	fpbOEoRrHyU	https://www.youtube.com/watch?v=fpbOEoRrHyU	NA	aligned	NA	2014-06-02	798	16516426	189457	8300	00:13:18	3039	1930
1	6	6	01_06	FIFA	June 8, 2014	0.95	precovid	DlJEt2KU33I	https://www.youtube.com/watch?v=DlJEt2KU33I	NA	NA	NA	2014-06-09	793	21045808	166303	6600	00:13:13	3027	1966
1	7	7	01_07	Immigration reform in the United States	June 15, 2014	0.91	precovid	NA	NA	NA	NA	NA	NA	NA	NA	NA	NA	NA	NA	NA
1	8	8	01_08	Dr. Oz and Nutritional Supplements	June 22, 2014	0.89	precovid	WA0wKeokWUU	https://www.youtube.com/watch?v=WA0wKeokWUU	NA	aligned	NA	2014-06-23	985	19073835	149210	8100	00:16:25	3648	2297
1	9	9	01_09	Hobby Lobby	June 29, 2014	0.85	precovid	zSQCH1qyIDo	https://www.youtube.com/watch?v=zSQCH1qyIDo	NA	NA	NA	2014-06-30	370	7338448	52939	2900	00:06:10	1570	976
1	10	10	01_10	Wealth Gap	July 13, 2014	0.84	precovid	LfgSEwjAeno	https://www.youtube.com/watch?v=LfgSEwjAeno	NA	aligned	NA	2014-07-14	850	17986281	116305	8600	00:14:10	3530	2304
1	11	11	01_11	Incarceration in the United States	July 20, 2014	0.92	precovid	NA	NA	NA	NA	NA	NA	NA	NA	NA	NA	NA	NA	NA
1	12	12	01_12	Nuclear Weapons	July 27, 2014	1	precovid	1Y1ya-yF35g	https://www.youtube.com/watch?v=1Y1ya-yF35g	NA	NA	NA	2014-07-28	922	22200409	162278	10000	00:15:22	3555	2298
1	13	13	01_13	Native advertising	August 3, 2014	0.96	precovid	E_F5GxCwizc	https://www.youtube.com/watch?v=E_F5GxCwizc	NA	NA	NA	2014-08-04	683	12543299	96639	3300	00:11:23	2777	1727
1	14	14	01_14	Payday loans	August 10, 2014	0.94	precovid	NA	NA	NA	NA	NA	NA	NA	NA	NA	NA	NA	NA	NA
1	15	15	01_15	Ferguson, MO, and Police Militarization	August 17, 2014	1.03	precovid	KUdHIatS36A	https://www.youtube.com/watch?v=KUdHIatS36A	NA	NA	NA	2014-08-18	910	13177297	112840	9300	00:15:10	3598	2254
1	16	16	01_16	Student debt	September 7, 2014	0.66	precovid	P8pjd1QEA0c	https://www.youtube.com/watch?v=P8pjd1QEA0c	NA	NA	NA	2014-09-08	976	14016901	109097	8000	00:16:16	3875	2554
1	17	17	01_17	Scottish Independence	September 14, 2014	0.7	precovid	-YkLPxQp_y0	https://www.youtube.com/watch?v=-YkLPxQp_y0	NA	aligned	NA	2014-09-15	918	19229550	142150	12000	00:15:18	3368	2214
1	18	18	01_18	Miss America 2015	September 21, 2014	0.83	precovid	oDPCmmZifE8	https://www.youtube.com/watch?v=oDPCmmZifE8	NA	NA	NA	2014-09-22	924	24009422	189277	10000	00:15:24	3504	2237
1	19	19	01_19	Drones	September 28, 2014	0.71	precovid	K4NRJoCNHIs	https://www.youtube.com/watch?v=K4NRJoCNHIs	NA	NA	NA	2014-09-29	776	14290338	100607	6600	00:12:56	3383	2090
1	20	20	01_20	Civil forfeiture in the United States	October 5, 2014	0.66	precovid	3kEpZWGgJks	https://www.youtube.com/watch?v=3kEpZWGgJks	NA	NA	NA	2014-10-06	989	15724405	125863	11000	00:16:29	3977	2605
1	21	21	01_21	Special Immigrant Visa	October 19, 2014	0.62	precovid	NA	NA	NA	NA	NA	NA	NA	NA	NA	NA	NA	NA	NA
1	22	22	01_22	Sugar	October 26, 2014	0.76	precovid	MepXBJjsNxs	https://www.youtube.com/watch?v=MepXBJjsNxs	NA	NA	NA	2014-10-27	694	18908303	130493	7600	00:11:34	2845	1807
1	23	23	01_23	2014 United States state legislative elections and ALEC	November 2, 2014	0.6	precovid	aIMgfBZrrZ8	https://www.youtube.com/watch?v=aIMgfBZrrZ8	NA	NA	NA	2014-11-03	1037	10715907	62983	3900	00:17:17	4305	2649
1	24	24	01_24	Lotteries	November 9, 2014	0.8	precovid	9PK-netuhHA	https://www.youtube.com/watch?v=9PK-netuhHA	NA	aligned	NA	2014-11-10	875	15899686	110644	5600	00:14:35	3756	2396
2	25	1	02_01	Marketing to Doctors	February 8, 2015	0.72	precovid	YQZ2UeOTO3I	https://www.youtube.com/watch?v=YQZ2UeOTO3I	NA	NA	NA	2015-02-09	1033	13263812	102181	5600	00:17:13	4308	2724
2	26	2	02_02	Tobacco	February 15, 2015	0.51	precovid	6UsHHOCH4q8	https://www.youtube.com/watch?v=6UsHHOCH4q8	NA	NA	NA	2015-02-16	1091	22445802	216680	13000	00:18:11	4273	2671
2	27	3	02_03	Elected Judges	February 22, 2015	0.47	precovid	poL7l-Uk3I8	https://www.youtube.com/watch?v=poL7l-Uk3I8	NA	NA	NA	2015-02-23	807	9274408	68326	3500	00:13:27	3447	2151
2	28	4	02_04	Infrastructure	March 1, 2015	0.71	precovid	Wpzvaqypav8	https://www.youtube.com/watch?v=Wpzvaqypav8	NA	NA	NA	2015-03-02	1273	15778320	125424	8500	00:21:13	4814	3051
2	29	5	02_05	US Territories	March 8, 2015	0.69	precovid	CesHr99ezWE	https://www.youtube.com/watch?v=CesHr99ezWE	NA	aligned	NA	2015-03-09	791	10793830	116091	7900	00:13:11	3147	1930
2	30	6	02_06	The NCAA	March 15, 2015	0.84	precovid	pX8BXH3SJn0	https://www.youtube.com/watch?v=pX8BXH3SJn0	NA	NA	NA	2015-03-16	1253	14872143	119121	8000	00:20:53	5198	3321
2	31	7	02_07	Municipal violations	March 22, 2015	0.78	precovid	0UjpmT5noto	https://www.youtube.com/watch?v=0UjpmT5noto	NA	NA	NA	2015-03-23	1075	11375374	95139	9200	00:17:55	4495	3006
2	32	8	02_08	Government surveillance	April 5, 2015	0.65	precovid	XEVlyP4_11M	https://www.youtube.com/watch?v=XEVlyP4_11M	NA	NA	NA	2015-04-06	1994	38206307	305154	17000	00:33:14	7802	5035
2	33	9	02_09	Internal Revenue Service	April 12, 2015	1.32	precovid	Nn_Zln_4pA8	https://www.youtube.com/watch?v=Nn_Zln_4pA8	NA	NA	NA	2015-04-13	1107	9438295	78048	5100	00:18:27	3723	2451
2	34	10	02_10	Patents	April 19, 2015	1.45	precovid	3bxcc3SM_KA	https://www.youtube.com/watch?v=3bxcc3SM_KA	NA	NA	NA	2015-04-20	663	9207912	85319	3000	00:11:03	2740	1754
2	35	11	02_11	Fashion	April 26, 2015	1.39	precovid	VdLf4fihP78	https://www.youtube.com/watch?v=VdLf4fihP78	NA	NA	NA	2015-04-27	1030	16977087	132568	7200	00:17:10	4105	2805
2	36	12	02_12	Standardized testing	May 3, 2015	1.4	precovid	J6lyURyVz7k	https://www.youtube.com/watch?v=J6lyURyVz7k	NA	NA	NA	2015-05-04	1081	16152594	139983	13000	00:18:01	4596	3060
2	37	13	02_13	Paid family leave	May 10, 2015	1.2	precovid	zIhKAQX5izw	https://www.youtube.com/watch?v=zIhKAQX5izw	NA	NA	NA	2015-05-11	741	9079328	84110	9100	00:12:21	3071	2125
2	38	14	02_14	Chicken	May 17, 2015	1.04	precovid	X9wHzt6gBgI	https://www.youtube.com/watch?v=X9wHzt6gBgI	NA	NA	NA	2015-05-18	1102	13203196	123002	8200	00:18:22	4681	3101
2	39	15	02_15	FIFA II	May 31, 2015	1.39	precovid	qr6ar3xJL_Q	https://www.youtube.com/watch?v=qr6ar3xJL_Q	NA	NA	NA	2015-06-01	792	10871162	112617	4600	00:13:12	3187	2034
2	40	16	02_16	Bail	June 7, 2015	1.26	precovid	IS5mwymTIJU	https://www.youtube.com/watch?v=IS5mwymTIJU	NA	NA	NA	2015-06-08	1070	11268435	97207	5700	00:17:50	3812	2550
2	41	17	02_17	Torture	June 14, 2015	1.26	precovid	zmeF2rzsZSU	https://www.youtube.com/watch?v=zmeF2rzsZSU	NA	NA	NA	2015-06-15	913	12103816	111702	6700	00:15:13	3546	2241
2	42	18	02_18	Online harassment	June 21, 2015	1.37	precovid	PuNIwYsz7PI	https://www.youtube.com/watch?v=PuNIwYsz7PI	NA	NA	NA	2015-06-22	1009	12679264	140380	30000	00:16:49	4341	2893
2	43	19	02_19	Transgender rights	June 28, 2015	1.24	precovid	hmoAX9f6MOc	https://www.youtube.com/watch?v=hmoAX9f6MOc	NA	NA	NA	2015-06-29	1007	11778581	167635	28000	00:16:47	3996	2507
2	44	20	02_20	Stadiums	July 12, 2015	1.01	precovid	xcwJt4bcnXs	https://www.youtube.com/watch?v=xcwJt4bcnXs	NA	NA	NA	2015-07-13	1148	15954240	133206	10000	00:19:08	4475	2983
2	45	21	02_21	Food waste	July 19, 2015	1.04	precovid	i8xwLWb0lLY	https://www.youtube.com/watch?v=i8xwLWb0lLY	NA	NA	NA	2015-07-20	1069	16069716	149832	9400	00:17:49	4582	3030
2	46	22	02_22	Mandatory minimums	July 26, 2015	0.94	precovid	pDVmldTurqk	https://www.youtube.com/watch?v=pDVmldTurqk	NA	NA	NA	2015-07-27	925	8346144	83545	4500	00:15:25	3774	2375
2	47	23	02_23	Washington DC statehood	August 2, 2015	0.98	precovid	4Z4j2CrJRn4	https://www.youtube.com/watch?v=4Z4j2CrJRn4	NA	NA	NA	2015-08-03	1023	10809447	113879	9600	00:17:03	4024	2669
2	48	24	02_24	Sex education	August 9, 2015	0.93	precovid	L0jQz6jqQS0	https://www.youtube.com/watch?v=L0jQz6jqQS0	NA	NA	NA	2015-08-10	1265	22091239	274819	22000	00:21:05	5204	3482
2	49	25	02_25	Televangelism	August 16, 2015	1.01	precovid	7y1xJAVZxXg	https://www.youtube.com/watch?v=7y1xJAVZxXg	NA	NA	NA	2015-08-17	1205	42048512	413933	46000	00:20:05	4814	3207
2	50	26	02_26	LGBT discrimination	August 23, 2015	1.03	precovid	5d667Bb_iYA	https://www.youtube.com/watch?v=5d667Bb_iYA	NA	NA	NA	2015-08-24	885	12849029	149481	20000	00:14:45	3863	2443
2	51	27	02_27	Public defenders	September 13, 2015	0.69	precovid	USkEzLuzmZ4	https://www.youtube.com/watch?v=USkEzLuzmZ4	NA	NA	NA	2015-09-14	899	10352309	85040	5600	00:14:59	3709	2383
2	52	28	02_28	Migrants and refugees	September 27, 2015	0.66	precovid	umqvYhb3wf4	https://www.youtube.com/watch?v=umqvYhb3wf4	NA	NA	NA	2015-09-28	1076	11800289	131363	24000	00:17:56	4433	2825
2	53	29	02_29	Mental health	October 4, 2015	0.68	precovid	NGY6DqB1HX8	https://www.youtube.com/watch?v=NGY6DqB1HX8	NA	NA	NA	2015-10-05	715	11497140	125156	7600	00:11:55	3187	2066
2	54	30	02_30	North Dakota	October 11, 2015	0.7	precovid	jYusNNldesc	https://www.youtube.com/watch?v=jYusNNldesc	NA	NA	NA	2015-10-12	1173	16304639	104684	6100	00:19:33	4920	3184
2	55	31	02_31	Canadian election	October 18, 2015	0.72	precovid	0V5ckcTSYu8	https://www.youtube.com/watch?v=0V5ckcTSYu8	NA	NA	NA	2015-10-19	921	14522211	126640	14000	00:15:21	3622	2260
2	56	32	02_32	Medicaid gap	November 1, 2015	0.69	precovid	5d3nASKtGas	https://www.youtube.com/watch?v=5d3nASKtGas	NA	NA	NA	2015-11-02	844	5250382	53928	4300	00:14:04	3666	2324
2	57	33	02_33	Prisoner re-entry	November 8, 2015	0.91	precovid	gJtYRxH5G2k	https://www.youtube.com/watch?v=gJtYRxH5G2k	NA	NA	NA	2015-11-09	1124	8951431	86434	5200	00:18:44	4978	3313
2	58	34	02_34	Daily fantasy sports	November 15, 2015	0.71	precovid	Mq785nJ0FXQ	https://www.youtube.com/watch?v=Mq785nJ0FXQ	NA	NA	NA	2015-11-16	1142	11847024	93467	5700	00:19:02	4814	3150
2	59	35	02_35	Pennies	November 22, 2015	0.78	precovid	_tyszHg96KI	https://www.youtube.com/watch?v=_tyszHg96KI	NA	NA	NA	2015-11-23	576	9914529	99066	7400	00:09:36	2392	1621
3	60	1	03_01	Voting	February 14, 2016	1.02	precovid	rHFOwlMCdto	https://www.youtube.com/watch?v=rHFOwlMCdto	NA	NA	NA	2016-02-15	848	10373893	116947	16000	00:14:08	3583	2261
3	61	2	03_02	Abortion laws	February 21, 2016	0.92	precovid	DRauXXz6t0Y	https://www.youtube.com/watch?v=DRauXXz6t0Y	NA	NA	NA	2016-02-22	961	11237798	158922	35000	00:16:01	4139	2753
3	62	3	03_03	Donald Trump	February 28, 2016	0.7	precovid	DnpO_RTSNmQ	https://www.youtube.com/watch?v=DnpO_RTSNmQ	NA	NA	NA	2016-02-29	1313	41554763	535195	54000	00:21:53	5563	3760
3	63	4	03_04	Special districts	March 6, 2016	0.82	precovid	3saU5racsGE	https://www.youtube.com/watch?v=3saU5racsGE	NA	NA	NA	2016-03-07	919	8351724	90120	4500	00:15:19	3993	2580
3	64	5	03_05	Encryption	March 13, 2016	0.96	precovid	zsjZ2r9Ygzw	https://www.youtube.com/watch?v=zsjZ2r9Ygzw	NA	NA	NA	2016-03-14	1080	14200371	151872	8200	00:18:00	4903	3109
3	65	6	03_06	Border wall	March 20, 2016	0.93	precovid	vU8dCYocuyI	https://www.youtube.com/watch?v=vU8dCYocuyI	NA	NA	NA	2016-03-21	1112	23493939	234599	23000	00:18:32	4575	3006
3	66	7	03_07	Congressional fundraising	April 3, 2016	0.95	precovid	Ylomy1Aw9Hk	https://www.youtube.com/watch?v=Ylomy1Aw9Hk	NA	NA	NA	2016-04-04	1285	10723425	89251	4600	00:21:25	5440	3668
3	67	8	03_08	Credit reports	April 10, 2016	0.91	precovid	aRrDsbUdY_k	https://www.youtube.com/watch?v=aRrDsbUdY_k	NA	NA	NA	2016-04-11	1126	12097955	108678	6000	00:18:46	4803	3077
3	68	9	03_09	Lead	April 17, 2016	0.85	precovid	GUizvEjR-0U	https://www.youtube.com/watch?v=GUizvEjR-0U	NA	NA	NA	2016-04-18	1113	11862679	132512	8000	00:18:33	4336	2952
3	69	10	03_10	Puerto Rico	April 24, 2016	1.34	precovid	Tt-mpuR_QHQ	https://www.youtube.com/watch?v=Tt-mpuR_QHQ	NA	NA	NA	2016-04-25	1282	14517359	174580	10000	00:21:22	5252	3417
3	70	11	03_11	Scientific studies	May 8, 2016	1.42	precovid	0Rnq1NpHdmw	https://www.youtube.com/watch?v=0Rnq1NpHdmw	NA	nosubs	NA	2016-05-09	1167	17972495	177084	12000	00:19:27	4914	3201
3	71	12	03_12	911	May 15, 2016	1.38	precovid	A-XlyB_QQYs	https://www.youtube.com/watch?v=A-XlyB_QQYs	NA	NA	NA	2016-05-16	957	11696490	121224	7300	00:15:57	4031	2752
3	72	13	03_13	Primaries and caucuses	May 22, 2016	1.27	precovid	_S2G8jhhUHg	https://www.youtube.com/watch?v=_S2G8jhhUHg	NA	aligned	NA	2016-05-23	867	7474517	86038	11000	00:14:27	3879	2366
3	73	14	03_14	Debt buyers	June 5, 2016	1.61	precovid	hxUAntt1z2c	https://www.youtube.com/watch?v=hxUAntt1z2c	NA	NA	NA	2016-06-06	1250	18219844	201684	14000	00:20:50	5025	3248
3	74	15	03_15	Retirement plans	June 12, 2016	1.21	precovid	gvZSpET11ZY	https://www.youtube.com/watch?v=gvZSpET11ZY	NA	NA	NA	2016-06-13	1289	19215328	167432	7500	00:21:29	5312	3535
3	75	16	03_16	Brexit	June 19, 2016	1.44	precovid	iAgKHSNqxa8	https://www.youtube.com/watch?v=iAgKHSNqxa8	NA	NA	NA	2016-06-20	939	17972227	187623	31000	00:15:39	3624	2319
3	76	17	03_17	Doping	June 26, 2016	1.53	precovid	BgyqAD5Z6_A	https://www.youtube.com/watch?v=BgyqAD5Z6_A	NA	NA	NA	2016-06-27	1233	14236930	113097	6000	00:20:33	5098	3302
3	77	18	03_18	Republican National Convention	July 24, 2016	1.09	precovid	zNdkrtfZP8I	https://www.youtube.com/watch?v=zNdkrtfZP8I	NA	NA	NA	2016-07-25	692	10237139	106125	12000	00:11:32	2933	1850
3	78	19	03_19	Democratic National Convention	July 31, 2016	1.27	precovid	BUCnjlTfXDw	https://www.youtube.com/watch?v=BUCnjlTfXDw	NA	NA	NA	2016-08-01	1090	11054520	100032	17000	00:18:10	3960	2547
3	79	20	03_20	Journalism	August 7, 2016	1.01	precovid	bq2_wSsDwkQ	https://www.youtube.com/watch?v=bq2_wSsDwkQ	NA	NA	NA	2016-08-08	1162	14945811	147049	9600	00:19:22	5184	3357
3	80	21	03_21	Auto lending	August 14, 2016	0.97	precovid	4U2eDJnwz_s	https://www.youtube.com/watch?v=4U2eDJnwz_s	NA	NA	NA	2016-08-15	1076	13752735	121204	10000	00:17:56	4603	3141
3	81	22	03_22	Charter schools	August 21, 2016	1.15	precovid	l_htSPGAY7I	https://www.youtube.com/watch?v=l_htSPGAY7I	NA	NA	NA	2016-08-22	1092	14348984	122992	10000	00:18:12	4762	3037
3	82	23	03_23	Scandals	September 25, 2016	0.88	precovid	h1Lfd1aB9YI	https://www.youtube.com/watch?v=h1Lfd1aB9YI	NA	NA	NA	2016-09-26	1275	18679592	179011	22000	00:21:15	5685	3523
3	83	24	03_24	Police accountability	October 2, 2016	1.1	precovid	zaD84DTGULo	https://www.youtube.com/watch?v=zaD84DTGULo	NA	NA	NA	2016-10-03	1194	16532773	192405	15000	00:19:54	5379	3343
3	84	25	03_25	Guantanamo	October 9, 2016	1.08	precovid	KEbFtMgGhPY	https://www.youtube.com/watch?v=KEbFtMgGhPY	NA	NA	NA	2016-10-10	1241	11131411	119115	7200	00:20:41	5471	3531
3	85	26	03_26	Third parties	October 16, 2016	1.34	precovid	k3O01EfM5fU	https://www.youtube.com/watch?v=k3O01EfM5fU	NA	NA	NA	2016-10-17	1119	13749744	135863	23000	00:18:39	4848	3122
3	86	27	03_27	Opioids	October 23, 2016	1.18	precovid	5pdPrQFjo2o	https://www.youtube.com/watch?v=5pdPrQFjo2o	NA	NA	NA	2016-10-24	1162	15614656	136378	12000	00:19:22	4971	3223
3	87	28	03_28	School segregation	October 30, 2016	1.03	precovid	o8yiYCHMAlM	https://www.youtube.com/watch?v=o8yiYCHMAlM	NA	NA	NA	2016-10-31	1078	11556974	129458	18000	00:17:58	4650	2986
3	88	29	03_29	Multilevel marketing	November 6, 2016	1.05	precovid	s6MwGeOm8iI	https://www.youtube.com/watch?v=s6MwGeOm8iI	NA	NA	NA	2016-11-07	1918	36003963	345032	28000	00:31:58	7797	4996
3	89	30	03_30	President-elect Trump	November 13, 2016	1.17	precovid	-rSDUsMwakI	https://www.youtube.com/watch?v=-rSDUsMwakI	NA	aligned	non-auto	2016-11-14	1741	20968550	244303	43000	00:29:01	7002	4679
4	90	1	04_01	Trump vs. Truth	February 12, 2017	1.19	precovid	xecEV4dSAXE	https://www.youtube.com/watch?v=xecEV4dSAXE	NA	NA	NA	2017-02-13	1430	39597251	418130	34000	00:23:50	5922	3896
4	91	2	04_02	Putin	February 19, 2017	1.25	precovid	0utzB6oDan0	https://www.youtube.com/watch?v=0utzB6oDan0	NA	NA	NA	2017-02-20	1206	20807766	234945	21000	00:20:06	4888	3248
4	92	3	04_03	Obamacare	February 26, 2017	0.72	precovid	YEGpriv2TAc	https://www.youtube.com/watch?v=YEGpriv2TAc	NA	NA	NA	2017-02-27	1132	11625880	149278	13000	00:18:52	4994	3218
4	93	4	04_04	Dalai Lama	March 5, 2017	1.28	precovid	bLY45o6rHm0	https://www.youtube.com/watch?v=bLY45o6rHm0	NA	NA	NA	NA	NA	NA	NA	NA	NA	NA	NA
4	94	5	04_05	American Health Care Act	March 12, 2017	1.12	precovid	Ifi9M7DRazI	https://www.youtube.com/watch?v=Ifi9M7DRazI	NA	NA	NA	2017-03-13	1110	10691589	133370	10000	00:18:30	4834	3142
4	95	6	04_06	Federal budget	March 19, 2017	1.03	precovid	ySTQk6updjQ	https://www.youtube.com/watch?v=ySTQk6updjQ	NA	NA	NA	2017-03-20	724	10477262	107709	7800	00:12:04	3323	2141
4	96	7	04_07	Marijuana	April 2, 2017	1.18	precovid	BcR_Wg42dv8	https://www.youtube.com/watch?v=BcR_Wg42dv8	NA	NA	NA	2017-04-03	1012	13457400	180328	12000	00:16:52	4591	2888
4	97	8	04_08	Gerrymandering	April 9, 2017	1.15	precovid	A-4dIImaodQ	https://www.youtube.com/watch?v=A-4dIImaodQ	NA	NA	NA	2017-04-10	1174	12032877	134938	9200	00:19:34	5206	3228
4	98	9	04_09	French elections	April 16, 2017	1.18	precovid	hkZir1L7fSY	https://www.youtube.com/watch?v=hkZir1L7fSY	NA	NA	NA	2017-04-17	1089	14347721	219211	22000	00:18:09	4253	2667
4	99	10	04_10	Ivanka & Jared	April 23, 2017	1.19	precovid	wD8AwgO0AQI	https://www.youtube.com/watch?v=wD8AwgO0AQI	NA	NA	NA	2017-04-24	1347	25788796	212495	12000	00:22:27	5925	3815
4	100	11	04_11	Net neutrality II	May 7, 2017	1.18	precovid	92vuuZt7wak	https://www.youtube.com/watch?v=92vuuZt7wak	NA	NA	NA	2017-05-08	1172	8722381	216809	11000	00:19:32	5070	3285
4	101	12	04_12	Dialysis	May 14, 2017	1.36	precovid	yw_nqzVfxFQ	https://www.youtube.com/watch?v=yw_nqzVfxFQ	NA	NA	NA	2017-05-15	1450	13397839	131085	8100	00:24:10	6260	4040
4	102	13	04_13	Stupid Watergate	May 21, 2017	1.42	precovid	FVFdsl29s_Q	https://www.youtube.com/watch?v=FVFdsl29s_Q	NA	NA	NA	2017-05-22	1446	19197341	187301	11000	00:24:06	6286	4046
4	103	14	04_14	Paris agreement	June 4, 2017	1.22	precovid	5scez5dqtAc	https://www.youtube.com/watch?v=5scez5dqtAc	NA	NA	NA	2017-06-05	1258	14087618	185697	13000	00:20:58	5373	3547
4	104	15	04_15	Brexit II	June 11, 2017	1.24	precovid	fyVz5vgqBhE	https://www.youtube.com/watch?v=fyVz5vgqBhE	NA	NA	NA	2017-06-12	1151	11299542	153470	8400	00:19:11	4942	3184
4	105	16	04_16	Coal	June 18, 2017	1.28	precovid	aw6RsUhw1Q8	https://www.youtube.com/watch?v=aw6RsUhw1Q8	NA	NA	NA	2017-06-19	1460	18793597	225713	12000	00:24:20	6112	4030
4	106	17	04_17	Vaccine	June 25, 2017	1.31	precovid	7VG_s2PCH_c	https://www.youtube.com/watch?v=7VG_s2PCH_c	NA	NA	NA	2017-06-26	1635	27251535	264045	46000	00:27:15	6803	4396
4	107	18	04_18	Sinclair Broadcast Group	July 2, 2017	1.14	precovid	GvtNyOzGogc	https://www.youtube.com/watch?v=GvtNyOzGogc	NA	NA	NA	2017-07-03	1139	13426434	147727	9700	00:18:59	4989	3184
4	108	19	04_19	Alex Jones	July 30, 2017	1.76	precovid	WyGq6cjcc3Q	https://www.youtube.com/watch?v=WyGq6cjcc3Q	NA	NA	NA	2017-07-31	1341	20915679	270149	32000	00:22:21	5595	3719
4	109	20	04_20	Border Patrol	August 6, 2017	1.75	precovid	NnW5EjwtE2U	https://www.youtube.com/watch?v=NnW5EjwtE2U	NA	NA	NA	2017-08-07	1220	12264050	116175	7500	00:20:20	5187	3339
4	110	21	04_21	North Korea	August 13, 2017	1.93	precovid	TrS0uNBuG9c	https://www.youtube.com/watch?v=TrS0uNBuG9c	NA	NA	NA	2017-08-14	1620	20871253	225847	15000	00:27:00	6837	4416
4	111	22	04_22	Nuclear waste	August 20, 2017	1.76	precovid	ZwY2E0hjGuU	https://www.youtube.com/watch?v=ZwY2E0hjGuU	NA	NA	NA	2017-08-21	1097	12156721	138424	10000	00:18:17	4617	2940
4	112	23	04_23	Joe Arpaio	September 10, 2017	0.97	precovid	1ZNZY-gd3K0	https://www.youtube.com/watch?v=1ZNZY-gd3K0	NA	NA	NA	2017-09-11	858	9005378	109446	7900	00:14:18	3606	2274
4	113	24	04_24	Corporate consolidation	September 24, 2017	1.25	precovid	00wQYmvfhn4	https://www.youtube.com/watch?v=00wQYmvfhn4	NA	NA	NA	2017-09-25	910	11102863	136501	6800	00:15:10	3676	2339
4	114	25	04_25	Forensic science	October 1, 2017	1.27	precovid	ScmJvmzDcG0	https://www.youtube.com/watch?v=ScmJvmzDcG0	NA	NA	NA	2017-10-02	1131	10383708	128801	5800	00:18:51	4704	2978
4	115	26	04_26	Confederate monuments and memorials	October 8, 2017	1.3	precovid	J5b_-TZwQ0I	https://www.youtube.com/watch?v=J5b_-TZwQ0I	NA	NA	NA	2017-10-09	1298	31526664	382016	63000	00:21:38	5506	3390
4	116	27	04_27	Equifax	October 15, 2017	1.25	precovid	mPjgRKW_Jmk	https://www.youtube.com/watch?v=mPjgRKW_Jmk	NA	NA	NA	2017-10-16	922	7586818	106471	5600	00:15:22	4103	2613
4	117	28	04_28	Floods	October 29, 2017	0.96	precovid	pf1t7cs9dkc	https://www.youtube.com/watch?v=pf1t7cs9dkc	NA	NA	NA	2017-10-30	1168	10490938	116398	5400	00:19:28	5288	3338
4	118	29	04_29	Economic development	November 5, 2017	1.01	precovid	8bl19RoR7lc	https://www.youtube.com/watch?v=8bl19RoR7lc	NA	NA	NA	2017-11-06	895	9709369	105650	6200	00:14:55	3783	2397
4	119	30	04_30	The Trump presidency	November 12, 2017	1.2	precovid	1ZAPwfrtAFY	https://www.youtube.com/watch?v=1ZAPwfrtAFY	NA	NA	NA	2017-11-13	1430	22702187	261586	22000	00:23:50	6165	4031
5	120	1	05_01	Trump vs. The world	February 18, 2018	1.2	precovid	QCjk_NPsIqU	https://www.youtube.com/watch?v=QCjk_NPsIqU	NA	aligned	NA	2018-02-19	1155	18864669	264444	27000	00:19:15	4797	3076
5	121	2	05_02	Italian election	February 25, 2018	1.11	precovid	LdhQzXHYLZ4	https://www.youtube.com/watch?v=LdhQzXHYLZ4	NA	NA	NA	2018-02-26	1272	11378242	176750	17000	00:21:12	5033	3152
5	122	3	05_03	NRA TV	March 4, 2018	0.94	precovid	LEcbagW4O-s	https://www.youtube.com/watch?v=LEcbagW4O-s	NA	NA	NA	2018-03-05	1201	14296791	204305	23000	00:20:01	4890	3256
5	123	4	05_04	Cryptocurrencies	March 11, 2018	1.08	precovid	g6iDZspbRMg	https://www.youtube.com/watch?v=g6iDZspbRMg	NA	NA	NA	2018-03-12	1521	20026066	207293	22000	00:25:21	6314	4136
5	124	5	05_05	Mike Pence	March 18, 2018	1.23	precovid	rs2RlZQVXBU	https://www.youtube.com/watch?v=rs2RlZQVXBU	NA	NA	NA	2018-03-19	1226	20643311	248438	21000	00:20:26	5204	3321
5	125	6	05_06	Immigration courts	April 1, 2018	1.26	precovid	9fB0GBwJ2QA	https://www.youtube.com/watch?v=9fB0GBwJ2QA	NA	NA	NA	2018-04-02	1072	6243853	110196	10000	00:17:52	4396	2834
5	126	7	05_07	Crisis pregnancy centers	April 8, 2018	1.13	precovid	4NNpkv3Us1I	https://www.youtube.com/watch?v=4NNpkv3Us1I	NA	NA	NA	2018-04-09	1268	6180424	119319	20000	00:21:08	5225	3323
5	127	8	05_08	Corporate taxes	April 15, 2018	1.23	precovid	RKjk0ECXjiQ	https://www.youtube.com/watch?v=RKjk0ECXjiQ	NA	NA	NA	2018-04-16	963	8502051	103446	6900	00:16:03	4240	2712
5	128	9	05_09	Iran Deal	April 22, 2018	1.19	precovid	5xnZ_CeTqyM	https://www.youtube.com/watch?v=5xnZ_CeTqyM	NA	NA	NA	2018-04-23	1282	10848663	122193	10000	00:21:22	5502	3627
5	129	10	05_10	Rudy Giuliani	May 6, 2018	1.24	precovid	mXQuto1fMp4	https://www.youtube.com/watch?v=mXQuto1fMp4	NA	NA	NA	2018-05-07	937	12602235	136559	6700	00:15:37	3957	2519
5	130	11	05_11	Venezuela	May 13, 2018	1.03	precovid	IYfgvS0FA7U	https://www.youtube.com/watch?v=IYfgvS0FA7U	NA	NA	NA	2018-05-14	1173	9859434	124412	19000	00:19:33	4639	2858
5	131	12	05_12	Rehab	May 20, 2018	1.28	precovid	hWQiXv0sn9Y	https://www.youtube.com/watch?v=hWQiXv0sn9Y	NA	NA	NA	2018-05-21	1147	13333997	134031	8700	00:19:07	5010	3253
5	132	13	05_13	Guardianship	June 3, 2018	1.14	precovid	nG2pEffLEJo	https://www.youtube.com/watch?v=nG2pEffLEJo	NA	NA	NA	2018-06-04	961	6784152	101456	5500	00:16:01	4256	2812
5	133	14	05_14	Stupid Watergate II	June 10, 2018	1.14	precovid	mOVPStnVgvU	https://www.youtube.com/watch?v=mOVPStnVgvU	NA	NA	NA	2018-06-11	1069	8877395	111557	8000	00:17:49	5004	3171
5	134	15	05_15	Xi Jinping	June 17, 2018	1.19	precovid	OubM8bD9kck	https://www.youtube.com/watch?v=OubM8bD9kck	NA	NA	NA	2018-06-18	1226	14618261	179100	18000	00:20:26	5033	3097
5	135	16	05_16	Mexican elections	June 24, 2018	0.94	precovid	8-hahRWhFvg	https://www.youtube.com/watch?v=8-hahRWhFvg	NA	NA	NA	2018-06-25	1208	9435766	115213	12000	00:20:08	4869	3124
5	136	17	05_17	Gene editing	July 1, 2018	1.12	precovid	AJm8PeWkiEU	https://www.youtube.com/watch?v=AJm8PeWkiEU	NA	NA	NA	2018-07-02	1179	11958095	127410	12000	00:19:39	5365	3363
5	137	18	05_18	Workplace sexual harassment	July 29, 2018	0.92	precovid	dHiAls8loz4	https://www.youtube.com/watch?v=dHiAls8loz4	NA	NA	NA	2018-07-30	1724	11886015	173315	19000	00:28:44	7295	4745
5	138	19	05_19	Prosecutors	August 5, 2018	0.99	precovid	ET_b78GSBUs	https://www.youtube.com/watch?v=ET_b78GSBUs	NA	NA	NA	2018-08-06	1184	9310517	105077	6700	00:19:44	5130	3193
5	139	20	05_20	Astroturfing	August 12, 2018	1.03	precovid	Fmh4RdIwswE	https://www.youtube.com/watch?v=Fmh4RdIwswE	NA	NA	NA	2018-08-13	1114	10694351	126994	6800	00:18:34	4995	3198
5	140	21	05_21	Trade	August 19, 2018	1.17	precovid	etkd57lPfPU	https://www.youtube.com/watch?v=etkd57lPfPU	NA	NA	NA	2018-08-20	1273	15004602	159596	12000	00:21:13	5844	3761
5	141	22	05_22	Felony disenfranchisement	September 9, 2018	0.9	precovid	NpPyLcQ2vdI	https://www.youtube.com/watch?v=NpPyLcQ2vdI	NA	NA	NA	2018-09-10	802	5602506	90683	9000	00:13:22	3831	2489
5	142	23	05_23	Facebook	September 23, 2018	1.01	precovid	OjPYmEZxACM	https://www.youtube.com/watch?v=OjPYmEZxACM	NA	NA	NA	2018-09-24	1180	9025395	138961	10000	00:19:40	5148	3230
5	143	24	05_24	Brett Kavanaugh	September 30, 2018	1.16	precovid	opi8X9hQ7q8	https://www.youtube.com/watch?v=opi8X9hQ7q8	NA	NA	NA	2018-10-01	1752	16201500	212041	34000	00:29:12	7270	4723
5	144	25	05_25	Brazilian elections	October 7, 2018	1	precovid	FsZ3p9gOkpY	https://www.youtube.com/watch?v=FsZ3p9gOkpY	NA	NA	NA	2018-10-08	974	5949019	133902	48000	00:16:14	4361	2790
5	145	26	05_26	Saudi Arabia	October 14, 2018	0.92	precovid	ViDPIyiszoo	https://www.youtube.com/watch?v=ViDPIyiszoo	NA	NA	NA	2018-10-15	1090	11119454	142473	13000	00:18:10	4940	3117
5	146	27	05_27	State attorneys general	October 28, 2018	0.92	precovid	UpdMYOtAmKY	https://www.youtube.com/watch?v=UpdMYOtAmKY	NA	NA	NA	2018-10-29	1146	6620529	92635	6200	00:19:06	4654	3007
5	147	28	05_28	Family separation	November 4, 2018	0.65	precovid	ygVX1z6tDGI	https://www.youtube.com/watch?v=ygVX1z6tDGI	NA	NA	NA	2018-11-05	1099	5526241	131008	18000	00:18:19	4943	3151
5	148	29	05_29	Drain the Swamp	November 11, 2018	0.78	precovid	5HS2TstPfW4	https://www.youtube.com/watch?v=5HS2TstPfW4	NA	NA	NA	2018-11-12	997	8628307	109471	8100	00:16:37	4559	2946
5	149	30	05_30	Authoritarianism	November 18, 2018	0.76	precovid	ximgPmJ9A5s	https://www.youtube.com/watch?v=ximgPmJ9A5s	NA	NA	NA	2018-11-19	1108	11222851	160847	19000	00:18:28	4852	3016
6	150	1	06_01	Brexit III	February 17, 2019	1.03	precovid	HaBQfSAVt0s	https://www.youtube.com/watch?v=HaBQfSAVt0s	NA	NA	NA	2019-02-18	1287	15728866	178793	17000	00:21:27	5308	3466
6	151	2	06_02	Psychics	February 24, 2019	0.84	precovid	WhMGcp9xIhY	https://www.youtube.com/watch?v=WhMGcp9xIhY	NA	NA	NA	2019-02-25	1266	17141419	217293	19000	00:21:06	5645	3772
6	152	3	06_03	Automation	March 3, 2019	0.97	precovid	_h1ooyyFkF0	https://www.youtube.com/watch?v=_h1ooyyFkF0	NA	NA	NA	2019-03-04	1188	10077316	149444	13000	00:19:48	5157	3347
6	153	4	06_04	Robocalls	March 10, 2019	1.08	precovid	FO0iG_P0P6M	https://www.youtube.com/watch?v=FO0iG_P0P6M	NA	NA	NA	2019-03-11	1065	10902040	186374	13000	00:17:45	4564	3024
6	154	5	06_05	Public shaming	March 17, 2019	0.95	precovid	Yq7Eh6JTKIg	https://www.youtube.com/watch?v=Yq7Eh6JTKIg	NA	NA	NA	2019-03-18	1605	19738538	286496	29000	00:26:45	7204	4787
6	155	6	06_06	WWE	March 31, 2019	0.87	precovid	m8UQ4O7UiDs	https://www.youtube.com/watch?v=m8UQ4O7UiDs	NA	NA	NA	2019-04-01	1386	14373893	236935	18000	00:23:06	5811	3771
6	156	7	06_07	Mobile homes	April 7, 2019	0.92	precovid	jCC8fPQOaxU	https://www.youtube.com/watch?v=jCC8fPQOaxU	NA	NA	NA	2019-04-08	939	10016829	163644	13000	00:15:39	4207	2717
6	157	8	06_08	Opioids II	April 14, 2019	1.34	precovid	-qCKR6wy94U	https://www.youtube.com/watch?v=-qCKR6wy94U	NA	NA	NA	2019-04-15	1280	10441286	156324	9200	00:21:20	5680	3592
6	158	9	06_09	Mueller report	April 21, 2019	1.31	precovid	YMBj_tU7HRU	https://www.youtube.com/watch?v=YMBj_tU7HRU	NA	NA	NA	2019-04-22	910	8780432	127782	9600	00:15:10	4204	2583
6	159	10	06_10	Lethal injections	May 5, 2019	1.2	precovid	0lTczPEG8iI	https://www.youtube.com/watch?v=0lTczPEG8iI	NA	NA	NA	2019-05-06	1162	7398280	150419	18000	00:19:22	5198	3257
6	160	11	06_11	Green New Deal	May 12, 2019	1.16	precovid	JDcro7dPqpA	https://www.youtube.com/watch?v=JDcro7dPqpA	NA	NA	NA	2019-05-13	1168	9603857	190156	18000	00:19:28	4986	3245
6	161	12	06_12	Death investigations	May 19, 2019	1.63	precovid	hnoMsftQPY8	https://www.youtube.com/watch?v=hnoMsftQPY8	NA	NA	NA	2019-05-20	1340	10207113	128738	7200	00:22:20	5981	3735
6	162	13	06_13	Medical devices	June 2, 2019	0.9	precovid	-tIdzNlExrw	https://www.youtube.com/watch?v=-tIdzNlExrw	NA	NA	NA	2019-06-03	1145	7488739	115102	5700	00:19:05	5346	3358
6	163	14	06_14	Equal rights amendment	June 9, 2019	0.77	precovid	bCBYJZ6QbUI	https://www.youtube.com/watch?v=bCBYJZ6QbUI	NA	NA	NA	2019-06-10	940	6452244	117919	11000	00:15:40	4260	2714
6	164	15	06_15	Impeachment	June 16, 2019	0.92	precovid	zxT8CM8XntA	https://www.youtube.com/watch?v=zxT8CM8XntA	NA	NA	NA	2019-06-17	1221	9832383	143691	14000	00:20:21	5649	3617
6	165	16	06_16	Mount Everest	June 23, 2019	0.92	precovid	Bchx0mS7XOY	https://www.youtube.com/watch?v=Bchx0mS7XOY	NA	NA	NA	2019-06-24	1322	12048453	181285	11000	00:22:02	5504	3599
6	166	17	06_17	Warehouses	June 30, 2019	0.84	precovid	d9m7d07k22A	https://www.youtube.com/watch?v=d9m7d07k22A	NA	NA	NA	2019-07-01	1278	13852030	191458	20000	00:21:18	5697	3700
6	167	18	06_18	Boris Johnson	July 28, 2019	0.71	precovid	dXyO_MC9g3k	https://www.youtube.com/watch?v=dXyO_MC9g3k	NA	NA	NA	2019-07-29	1323	12614140	184281	14000	00:22:03	5304	3441
6	168	19	06_19	Prison labor	August 4, 2019	0.81	precovid	AjqaNQ018zU	https://www.youtube.com/watch?v=AjqaNQ018zU	NA	NA	NA	2019-08-05	1089	7280079	139372	13000	00:18:09	5085	3313
6	169	20	06_20	Gurbanguly Berdimuhamedow	August 11, 2019	0.85	precovid	-9QYu8LtH2E	https://www.youtube.com/watch?v=-9QYu8LtH2E	NA	NA	NA	2019-08-12	1241	14673956	273807	15000	00:20:41	5020	3133
6	170	21	06_21	Bias in medicine	August 18, 2019	0.92	precovid	TATSAHJKRd8	https://www.youtube.com/watch?v=TATSAHJKRd8	NA	NA	NA	2019-08-19	1357	8656133	150902	17000	00:22:37	5685	3715
6	171	22	06_22	Filibuster	September 8, 2019	0.74	precovid	3y1QA6OeAcQ	https://www.youtube.com/watch?v=3y1QA6OeAcQ	NA	NA	NA	2019-09-09	1146	7922080	127489	8100	00:19:06	4960	3177
6	172	23	06_23	Legal immigration	September 15, 2019	0.65	precovid	tXqnRMU1fTs	https://www.youtube.com/watch?v=tXqnRMU1fTs	NA	NA	NA	2019-09-16	1182	8390715	159547	14000	00:19:42	5304	3466
6	173	24	06_24	Compounding pharmacies	September 29, 2019	0.82	precovid	Nuzi7LlSDVo	https://www.youtube.com/watch?v=Nuzi7LlSDVo	NA	NA	NA	2019-09-30	1154	6619072	118181	7300	00:19:14	5025	3148
6	174	25	06_25	One Child Policy	October 6, 2019	0.81	precovid	SE_ccFHjL_w	https://www.youtube.com/watch?v=SE_ccFHjL_w	NA	NA	NA	2019-10-07	1385	8236205	139754	13000	00:23:05	6011	3751
6	175	26	06_26	Weather	October 13, 2019	0.78	precovid	qMGn9T37eR8	https://www.youtube.com/watch?v=qMGn9T37eR8	NA	NA	NA	2019-10-14	986	7810031	132448	6000	00:16:26	4361	2686
6	176	27	06_27	Trump & Syria	October 27, 2019	0.89	precovid	2u_pZ-SgACk	https://www.youtube.com/watch?v=2u_pZ-SgACk	NA	NA	NA	2019-10-28	1182	9243322	154473	14000	00:19:42	5125	3303
6	177	28	06_28	Voting machines	November 3, 2019	0.72	precovid	svEuG_ekNT0	https://www.youtube.com/watch?v=svEuG_ekNT0	NA	NA	NA	2019-11-04	1162	6151706	100154	11000	00:19:22	5008	3234
6	178	29	06_29	SLAPP suits	November 10, 2019	0.73	precovid	UN8bJb8biZU	https://www.youtube.com/watch?v=UN8bJb8biZU	NA	NA	NA	2019-11-11	1584	23309372	428919	34000	00:26:24	6203	4042
6	179	30	06_30	The Census	November 17, 2019	0.88	precovid	1aheRpmurAo	https://www.youtube.com/watch?v=1aheRpmurAo	NA	NA	NA	2019-11-18	1058	6595349	108692	6700	00:17:38	4547	2848
7	180	1	07_01	Medicare for All	February 16, 2020	0.82	precovid	7Z2XRg3dy9k	https://www.youtube.com/watch?v=7Z2XRg3dy9k	NA	NA	NA	2020-02-17	1194	11397457	241465	40000	00:19:54	5188	3285
7	181	2	07_02	Modi	February 23, 2020	0.75	precovid	qVIXUhZ2AWs	https://www.youtube.com/watch?v=qVIXUhZ2AWs	NA	NA	NA	2020-02-24	1127	13753829	396995	76000	00:18:47	4851	3076
7	182	3	07_03	Coronavirus	March 1, 2020	0.93	precovid	c09m5f7Gnic	https://www.youtube.com/watch?v=c09m5f7Gnic	NA	aligned	NA	2020-03-02	1209	15881093	306985	24000	00:20:09	5122	3299
7	183	4	07_04	Sheriffs	March 8, 2020	0.95	precovid	v_kak7kAdNw	https://www.youtube.com/watch?v=v_kak7kAdNw	NA	NA	NA	2020-03-09	993	9574387	154331	9200	00:16:33	4197	2669
7	184	5	07_05	Coronavirus II	March 15, 2020	0.89	covid	_066dEkycr4	https://www.youtube.com/watch?v=_066dEkycr4	NA	aligned	NA	2020-03-16	1331	12651268	358978	35000	00:22:11	5493	3589
7	185	6	07_06	Coronavirus III	March 29, 2020	0.97	covid	ElIf2DBrWzU	https://www.youtube.com/watch?v=ElIf2DBrWzU	NA	aligned	NA	2020-03-30	1168	10591815	300252	35000	00:19:28	4778	3026
7	186	7	07_07	OAN	April 5, 2020	0.97	covid	UnSILVWDKL8	https://www.youtube.com/watch?v=UnSILVWDKL8	NA	NA	NA	2020-04-06	1086	12125810	277785	34000	00:18:06	4550	2922
7	187	8	07_08	Coronavirus IV	April 12, 2020	0.91	covid	6s4Bx7mzNkM	https://www.youtube.com/watch?v=6s4Bx7mzNkM	NA	NA	NA	2020-04-13	1238	8859770	199940	25000	00:20:38	5426	3482
7	188	9	07_09	Coronavirus V	April 19, 2020	1.04	covid	dRFbwjwQ4VE	https://www.youtube.com/watch?v=dRFbwjwQ4VE	NA	NA	NA	2020-04-20	1258	9105230	240766	27000	00:20:58	5568	3576
7	189	10	07_10	Coronavirus VI	May 3, 2020	0.95	covid	7rl4c-jr7g0	https://www.youtube.com/watch?v=7rl4c-jr7g0	NA	NA	NA	2020-05-04	1394	8435610	165587	19000	00:23:14	6370	4084
7	190	11	07_11	USPS	May 10, 2020	0.83	covid	IoL8g0W9gAQ	https://www.youtube.com/watch?v=IoL8g0W9gAQ	NA	NA	NA	2020-05-11	1094	8215636	201974	15000	00:18:14	4889	3088
7	191	12	07_12	Coronavirus VII	May 17, 2020	0.9	covid	z4gBMw64aqk	https://www.youtube.com/watch?v=z4gBMw64aqk	NA	NA	NA	2020-05-18	1305	7859753	177324	18000	00:21:45	5936	3803
7	192	13	07_13	Voting by mail	May 31, 2020	0.83	covid	l-nEHkgm_Gk	https://www.youtube.com/watch?v=l-nEHkgm_Gk	NA	aligned	NA	2020-06-01	1151	9300722	170629	19000	00:19:11	5747	3699
7	193	14	07_14	Police	June 7, 2020	0.8	covid	Wf4cea5oObY	https://www.youtube.com/watch?v=Wf4cea5oObY	NA	NA	NA	2020-06-08	2013	16907456	544304	52000	00:33:33	9429	5846
7	194	15	07_15	Facial recognition	June 14, 2020	0.67	covid	jZjmlJPJgug	https://www.youtube.com/watch?v=jZjmlJPJgug	NA	NA	NA	2020-06-15	1271	10412879	194298	14000	00:21:11	6218	3852
7	195	16	07_16	Coronavirus VIII	June 21, 2020	0.86	covid	MuxnH0VAkAM	https://www.youtube.com/watch?v=MuxnH0VAkAM	NA	aligned	NA	2020-06-22	1113	5515032	134232	11000	00:18:33	5172	3245
7	196	17	07_17	Coronavirus IX	June 28, 2020	0.88	covid	R652nwUcJRA	https://www.youtube.com/watch?v=R652nwUcJRA	NA	NA	NA	2020-06-29	1139	7789990	143545	20000	00:18:59	5235	3275
7	197	18	07_18	Coronavirus X	July 19, 2020	0.86	covid	0b_eHBZLM6U	https://www.youtube.com/watch?v=0b_eHBZLM6U	NA	NA	NA	2020-07-20	1339	12453661	267639	34000	00:22:19	6237	3915
7	198	19	07_19	China & Uighurs	July 26, 2020	0.73	covid	17oCQakzIl8	https://www.youtube.com/watch?v=17oCQakzIl8	NA	NA	NA	2020-07-27	1252	10330885	277839	39000	00:20:52	5847	3594
7	199	20	07_20	United States history	August 2, 2020	0.88	covid	hsxukOPEdgg	https://www.youtube.com/watch?v=hsxukOPEdgg	NA	NA	NA	2020-08-03	1709	9310147	256506	30000	00:28:29	8099	5146
7	200	21	07_21	Juries	August 16, 2020	0.66	covid	1f2iawp0y5Y	https://www.youtube.com/watch?v=1f2iawp0y5Y	NA	NA	NA	2020-08-17	1237	7864634	140810	12000	00:20:37	6226	3968
7	201	22	07_22	Border Wall II	August 23, 2020	0.82	covid	3ZRE6uVMDAo	https://www.youtube.com/watch?v=3ZRE6uVMDAo	NA	NA	non-autogen(?)	2020-08-24	1293	6359575	172808	12000	00:21:33	NA	NA
7	202	23	07_23	RNC 2020 & Kenosha	August 30, 2020	0.83	covid	rBu0BRTx2x8	https://www.youtube.com/watch?v=rBu0BRTx2x8	NA	NA	NA	2020-08-31	1210	9187872	256911	37000	00:20:10	5724	3560
7	203	24	07_24	The Supreme Court	September 27, 2020	0.75	covid	pkpfFuiZkcs	https://www.youtube.com/watch?v=pkpfFuiZkcs	NA	NA	NA	2020-09-28	1272	8599587	192798	29000	00:21:12	6321	3865
7	204	25	07_25	Election 2020	October 4, 2020	0.73	covid	AytDzZ2ecCc	https://www.youtube.com/watch?v=AytDzZ2ecCc	NA	NA	NA	2020-10-05	1230	5690559	148941	15000	00:20:30	NA	NA
7	205	26	07_26	The World Health Organization	October 18, 2020	0.81	covid	7g0Jh4h5E1E	https://www.youtube.com/watch?v=7g0Jh4h5E1E	NA	NA	NA	2020-10-19	1110	6829397	163215	14000	00:18:30	NA	NA
7	206	27	07_27	Asylum	October 25, 2020	0.88	covid	xtdU5RPDZqI	https://www.youtube.com/watch?v=xtdU5RPDZqI	NA	NA	NA	2020-10-26	1284	5208148	128901	12000	00:21:24	NA	NA
7	207	28	07_28	Trump & the Coronavirus	November 1, 2020	0.67	covid	IuVo4fnpLC8	https://www.youtube.com/watch?v=IuVo4fnpLC8	NA	NA	NA	2020-11-02	1270	9431547	197618	18000	00:21:10	NA	NA
7	208	29	07_29	Election results 2020	November 8, 2020	1.06	covid	LyC855KdBKo	https://www.youtube.com/watch?v=LyC855KdBKo	NA	NA	NA	2020-11-09	1625	14784641	288642	28000	00:27:05	7217	4666
7	209	30	07_30	Trump & election results	November 15, 2020	0.93	covid	cMz_sTgoydQ	https://www.youtube.com/watch?v=cMz_sTgoydQ	NA	NA	NA	2020-11-16	1078	9921256	213363	22000	00:17:58	NA	NA
8	210	1	08_01	The next pandemic	February 14, 2021	0.69	covid	_v-U3K1sw9U	https://www.youtube.com/watch?v=_v-U3K1sw9U	NA	NA	NA	2021-02-15	1228	9563529	205018	20000	00:20:28	5640	3552
8	211	2	08_02	Meatpacking	February 21, 2021	0.75	covid	IhO1FcjDMV4	https://www.youtube.com/watch?v=IhO1FcjDMV4	NA	NA	NA	2021-02-22	1122	7545326	168706	17000	00:18:42	5295	3350
8	212	3	08_03	Raids	February 28, 2021	0.66	covid	WYdi1bL6s10	https://www.youtube.com/watch?v=WYdi1bL6s10	NA	NA	NA	2021-03-01	1555	5026024	188752	19000	00:25:55	7048	4466
8	213	4	08_04	Unemployment	March 7, 2021	0.59	covid	jm9YKT0dItk	https://www.youtube.com/watch?v=jm9YKT0dItk	NA	NA	NA	2021-03-08	1273	6977251	141498	15000	00:21:13	5844	3631
8	214	5	08_05	Tucker Carlson	March 14, 2021	0.57	covid	XMGxxRRtmHc	https://www.youtube.com/watch?v=XMGxxRRtmHc	NA	NA	NA	2021-03-15	1493	19031792	364647	56000	00:24:53	7386	4640
8	215	6	08_06	Plastics	March 21, 2021	0.69	covid	Fiu9GSOmt8E	https://www.youtube.com/watch?v=Fiu9GSOmt8E	NA	NA	NA	NA	NA	NA	NA	NA	NA	NA	NA
8	216	7	08_07	The national debt	April 4, 2021	0.73	covid	yq_E3HquRJY	https://www.youtube.com/watch?v=yq_E3HquRJY	NA	NA	NA	2021-04-05	1346	7647772	170950	18000	00:22:26	NA	NA
8	217	8	08_08	Long-term care	April 11, 2021	0.72	covid	2xlol-SNQRU	https://www.youtube.com/watch?v=2xlol-SNQRU	NA	NA	NA	2021-04-12	1361	5554608	96626	10000	00:22:41	6699	4159
8	218	9	08_09	Bankruptcy	April 18, 2021	0.69	covid	GzFG0Cdh8D8	https://www.youtube.com/watch?v=GzFG0Cdh8D8	NA	NA	NA	2021-04-19	1272	6323014	119104	9600	00:21:12	5869	3733
8	219	10	08_10	Covid vaccines	May 2, 2021	0.85	covid	gPHgRp70H8o	https://www.youtube.com/watch?v=gPHgRp70H8o	NA	NA	NA	2021-05-03	1467	8040716	176156	30000	00:24:27	6687	4271
8	220	11	08_11	Hair	May 9, 2021	0.74	covid	Uf1c0tEGfrU	https://www.youtube.com/watch?v=Uf1c0tEGfrU	NA	NA	NA	2021-05-10	1463	6243144	169253	25000	00:24:23	6805	4503
8	221	12	08_12	Stand your ground	May 16, 2021	0.8	covid	vTF-Kz_7L0c	https://www.youtube.com/watch?v=vTF-Kz_7L0c	NA	aligned	NA	2021-05-17	1158	6606123	161883	25000	00:19:18	5360	3500
8	222	13	08_13	Sponsored content	May 23, 2021	0.77	covid	sIi_QS1tdFM	https://www.youtube.com/watch?v=sIi_QS1tdFM	NA	NA	NA	2021-05-24	1282	7159970	180463	12000	00:21:22	5797	3693
8	223	14	08_14	Asian Americans	June 6, 2021	0.64	covid	29lXsOYBaow	https://www.youtube.com/watch?v=29lXsOYBaow	NA	NA	NA	2021-06-07	1622	6308405	154164	17000	00:27:02	7788	4725
8	224	15	08_15	Prison heat	June 13, 2021	0.63	covid	6fiRDJLjL94	https://www.youtube.com/watch?v=6fiRDJLjL94	NA	NA	NA	2021-06-14	805	4062133	106770	11000	00:13:25	3688	2385
8	225	16	08_16	PACE	June 20, 2021	0.63	covid	zv8ZPFOxJEc	https://www.youtube.com/watch?v=zv8ZPFOxJEc	NA	NA	NA	2021-06-21	1314	5139513	105585	9200	00:21:54	6268	3970
8	226	17	08_17	Health care sharing	June 27, 2021	0.56	covid	oFetFqrVBNc	https://www.youtube.com/watch?v=oFetFqrVBNc	NA	NA	NA	2021-06-28	1373	5461757	109111	11000	00:22:53	6283	3947
8	227	18	08_18	Housing discrimination	July 25, 2021	0.43	covid	_-0J49_9lwc	https://www.youtube.com/watch?v=_-0J49_9lwc	NA	NA	NA	2021-07-26	1927	7503040	135835	15000	00:32:07	8636	5485
8	228	19	08_19	Emergency medical services	August 1, 2021	0.51	covid	Ezv8sdTLxKo	https://www.youtube.com/watch?v=Ezv8sdTLxKo	NA	NA	NA	2021-08-02	1300	4192049	104850	13000	00:21:40	5810	3671
8	229	20	08_20	Opioids III	August 8, 2021	0.56	covid	uaCaIhfETsM	https://www.youtube.com/watch?v=uaCaIhfETsM	NA	aligned	NA	2021-08-09	1440	6040712	134414	10000	00:24:00	6427	4066
8	230	21	08_21	Ransomware	August 15, 2021	0.55	covid	WqD-ATqw3js	https://www.youtube.com/watch?v=WqD-ATqw3js	NA	NA	vietnamese???	2021-08-16	1327	5578912	105974	7900	00:22:07	3681	2446
8	231	22	08_22	Afghanistan	August 22, 2021	0.6	covid	dykZyuWci3g	https://www.youtube.com/watch?v=dykZyuWci3g	NA	NA	dutch????	2021-08-23	1419	4949772	171680	14000	00:23:39	6081	4074
8	232	23	08_23	Alexander Lukashenko	September 12, 2021	0.6	post_covid	27FpoRiStgk	https://www.youtube.com/watch?v=27FpoRiStgk	NA	aligned	NA	2021-09-13	1121	8191182	185992	10000	00:18:41	4985	3065
8	233	24	08_24	Voting rights	September 26, 2021	0.59	post_covid	EN9OdruH_qM	https://www.youtube.com/watch?v=EN9OdruH_qM	NA	NA	NA	2021-09-27	1188	4231429	108014	11000	00:19:48	5344	3384
8	234	25	08_25	PFAS	October 3, 2021	0.42	post_covid	9W74aeuqsiU	https://www.youtube.com/watch?v=9W74aeuqsiU	NA	NA	NA	2021-10-04	1198	6154557	154887	9400	00:19:58	5365	3483
8	235	26	08_26	Misinformation	October 10, 2021	0.42	post_covid	l5jtFqWq5iU	https://www.youtube.com/watch?v=l5jtFqWq5iU	NA	NA	NA	2021-10-11	1201	7202978	165118	14000	00:20:01	5433	3328
8	236	27	08_27	Taiwan	October 24, 2021	0.55	post_covid	9Y18-07g39g	https://www.youtube.com/watch?v=9Y18-07g39g	NA	NA	NA	2021-10-25	1338	9669637	228976	21000	00:22:18	5805	3603
8	237	28	08_28	Homelessness	October 31, 2021	0.43	post_covid	liptMbjF3EE	https://www.youtube.com/watch?v=liptMbjF3EE	NA	NA	NA	2021-11-01	1496	7197128	160793	18000	00:24:56	6817	4341
8	238	29	08_29	The power grid	November 7, 2021	0.47	post_covid	qBpiXcyB7wU	https://www.youtube.com/watch?v=qBpiXcyB7wU	NA	NA	NA	2021-11-08	1349	6913322	145585	12000	00:22:29	6055	3822
8	239	30	08_30	Union busting	November 14, 2021	0.56	post_covid	Gk8dUXRpoy8	https://www.youtube.com/watch?v=Gk8dUXRpoy8	NA	NA	NA	2021-11-15	1417	7177315	158483	14000	00:23:37	6225	3980
9	240	1	09_01	Critical race theory	February 20, 2022	0.59	post_covid	EICp1vGlh_U	https://www.youtube.com/watch?v=EICp1vGlh_U	NA	NA	NA	2022-02-21	1687	11032286	234516	37000	00:28:07	7844	4992
9	241	2	09_02	Sex work	February 27, 2022	0.48	post_covid	-gd8yUptg0Q	https://www.youtube.com/watch?v=-gd8yUptg0Q	NA	NA	NA	2022-02-28	1518	4684500	135739	11000	00:25:18	7077	4459
9	242	3	09_03	Wrongful convictions	March 6, 2022	0.58	post_covid	kpYYdCzTpps	https://www.youtube.com/watch?v=kpYYdCzTpps	NA	NA	NA	2022-03-07	1285	4608210	107764	8800	00:21:25	6173	3942
9	243	4	09_04	Tickets	March 13, 2022	0.66	post_covid	-_Y7uqqEFnY	https://www.youtube.com/watch?v=-_Y7uqqEFnY	NA	NA	NA	2022-03-14	1189	6240583	122038	7000	00:19:49	5619	3687
9	244	5	09_05	Harm reduction	March 27, 2022	0.46	post_covid	RMpCGD7b_H4	https://www.youtube.com/watch?v=RMpCGD7b_H4	NA	NA	NA	2022-03-28	1076	4968841	111337	9100	00:17:56	5115	3146
9	245	6	09_06	Trucks	April 3, 2022	0.47	post_covid	phieTCxQRLA	https://www.youtube.com/watch?v=phieTCxQRLA	NA	NA	NA	2022-04-04	1442	8458720	163370	13000	00:24:02	6248	4145
9	246	7	09_07	Data brokers	April 10, 2022	0.49	post_covid	wqn3gR1WTcA	https://www.youtube.com/watch?v=wqn3gR1WTcA	NA	NA	NA	2022-04-11	1509	9100693	199822	9600	00:25:09	6829	4399
9	247	8	09_08	Police interrogations	April 17, 2022	0.66	post_covid	obCNQ0xksZ4	https://www.youtube.com/watch?v=obCNQ0xksZ4	NA	NA	NA	2022-04-18	1482	6651790	135636	10000	00:24:42	6363	4077
9	248	9	09_09	Environmental racism	May 1, 2022	0.57	post_covid	-v0XiUQlRLw	https://www.youtube.com/watch?v=-v0XiUQlRLw	NA	aligned	NA	2022-05-02	1311	5076650	108691	7800	00:21:51	6108	3899
9	249	10	09_10	Philippines elections	May 8, 2022	0.56	post_covid	FtdVglihDok	https://www.youtube.com/watch?v=FtdVglihDok	NA	NA	NA	2022-05-09	1229	5794181	145925	23000	00:20:29	5468	3410
9	250	11	09_11	Electric utilities	May 15, 2022	0.52	post_covid	C-YRSqaPtMg	https://www.youtube.com/watch?v=C-YRSqaPtMg	NA	NA	NA	2022-05-16	1468	6564993	121342	8400	00:24:28	6895	4295
9	251	12	09_12	Subway	May 22, 2022	0.45	post_covid	jDdYFhzVCDM	https://www.youtube.com/watch?v=jDdYFhzVCDM	NA	NA	NA	2022-05-23	1606	11524465	212993	11000	00:26:46	5860	3732
9	252	13	09_13	School police	June 5, 2022	0.46	post_covid	KgwqQGvYt0g	https://www.youtube.com/watch?v=KgwqQGvYt0g	NA	NA	NA	2022-06-06	1602	9163234	204212	23000	00:26:42	7197	4620
9	253	14	09_14	Tech monopolies	June 12, 2022	0.42	post_covid	jXf04bhcjbg	https://www.youtube.com/watch?v=jXf04bhcjbg	NA	NA	NA	2022-06-13	1610	10223016	162506	9400	00:26:50	7797	4936
9	254	15	09_15	Rent	June 19, 2022	0.51	post_covid	L4qmDnYli2E	https://www.youtube.com/watch?v=L4qmDnYli2E	NA	NA	NA	2022-06-20	1328	7427082	150673	19000	00:22:08	5961	3800
9	255	16	09_16	Water	June 26, 2022	0.46	post_covid	jtxew5XUVbQ	https://www.youtube.com/watch?v=jtxew5XUVbQ	NA	NA	NA	2022-06-27	1427	7863148	146266	11000	00:23:47	6246	4004
9	256	17	09_17	Inflation	July 24, 2022	0.47	post_covid	MBo4GViDxzc	https://www.youtube.com/watch?v=MBo4GViDxzc	NA	NA	NA	2022-07-25	1463	9648708	165294	15000	00:24:23	6787	4310
9	257	18	09_18	Mental health care	July 31, 2022	0.45	post_covid	jtIZZs-GAOA	https://www.youtube.com/watch?v=jtIZZs-GAOA	NA	NA	NA	2022-08-01	1522	5262367	110127	9100	00:25:22	7093	4497
9	258	19	09_19	Monkeypox	August 7, 2022	0.57	post_covid	pQcFCFZIuZI	https://www.youtube.com/watch?v=pQcFCFZIuZI	NA	NA	NA	2022-08-08	1407	5785921	123796	9300	00:23:27	6496	4176
9	259	20	09_20	Afghanistan	August 14, 2022	0.55	post_covid	x2hw_ghPcQs	https://www.youtube.com/watch?v=x2hw_ghPcQs	NA	NA	NA	2022-08-15	1243	5268736	112781	10000	00:20:43	5722	3527
9	260	21	09_21	Carbon offsets	August 21, 2022	0.62	post_covid	6p8zAbFKpW0	https://www.youtube.com/watch?v=6p8zAbFKpW0	NA	NA	NA	2022-08-22	1418	5524545	110872	6700	00:23:38	6614	4260
9	261	22	09_22	Law & Order	September 11, 2022	0.56	post_covid	DNy6F7ZwX8I	https://www.youtube.com/watch?v=DNy6F7ZwX8I	NA	NA	NA	2022-09-12	1648	8009637	148194	9200	00:27:28	7537	4781
9	262	23	09_23	Bolsonaro	September 25, 2022	0.52	post_covid	uySgklnlX3Y	https://www.youtube.com/watch?v=uySgklnlX3Y	NA	NA	NA	2022-09-26	1177	6154203	190939	15000	00:19:37	5091	3140
9	263	24	09_24	Museums	October 2, 2022	0.48	post_covid	eJPLiT1kCSM	https://www.youtube.com/watch?v=eJPLiT1kCSM	NA	NA	NA	2022-10-03	2049	10511087	191764	14000	00:34:09	9027	5815
9	264	25	09_25	Crime reporting	October 9, 2022	0.49	post_covid	kCOnGjvYKI0	https://www.youtube.com/watch?v=kCOnGjvYKI0	NA	NA	NA	2022-10-10	1628	6696192	120484	6600	00:27:08	7735	4935
9	265	26	09_26	Transgender rights II	October 16, 2022	0.5	post_covid	Ns8NvPPHX5Y	https://www.youtube.com/watch?v=Ns8NvPPHX5Y	NA	NA	NA	2022-10-17	1592	4955983	151145	44000	00:26:32	7340	4707
9	266	27	09_27	Bail II	October 30, 2022	0.45	post_covid	xQLqIWbc9VM	https://www.youtube.com/watch?v=xQLqIWbc9VM	NA	NA	NA	2022-10-31	1597	4290557	89516	7500	00:26:37	7276	4704
9	267	28	09_28	Election subversion	November 6, 2022	0.38	post_covid	Y0LA7Ff2hgs	https://www.youtube.com/watch?v=Y0LA7Ff2hgs	NA	NA	NA	2022-11-07	1984	9916751	156353	16000	00:33:04	8949	5639
9	268	29	09_29	The monarchy	November 13, 2022	0.45	post_covid	KWterDbJKjY	https://www.youtube.com/watch?v=KWterDbJKjY	NA	NA	NA	2022-11-14	1680	12080177	212661	15000	00:28:00	7650	4871
9	269	30	09_30	Qatar World Cup	November 20, 2022	0.39	post_covid	UMqLDhl8PXw	https://www.youtube.com/watch?v=UMqLDhl8PXw	NA	NA	NA	2022-11-21	1488	9653859	211416	17000	00:24:48	6433	4210
10	270	1	10_01	Psychedelic assisted therapy	February 19, 2023	0.48	post_covid	a546lxxJIhE	https://www.youtube.com/watch?v=a546lxxJIhE	NA	NA	NA	2023-02-20	1288	5558880	135963	7700	00:21:28	5872	3676
10	271	2	10_02	Artificial intelligence	February 26, 2023	0.52	post_covid	Sqa8Zo2XWc4	https://www.youtube.com/watch?v=Sqa8Zo2XWc4	NA	NA	NA	2023-02-27	1672	10699872	200218	11000	00:27:52	7650	4804
10	272	3	10_03	Ron DeSantis	March 5, 2023	0.51	post_covid	M81-GM0mTc4	https://www.youtube.com/watch?v=M81-GM0mTc4	NA	NA	NA	2023-03-06	1538	10932067	188670	26000	00:25:38	7235	4675
10	273	4	10_04	TANF	March 12, 2023	0.34	post_covid	wJDk-czsivk	https://www.youtube.com/watch?v=wJDk-czsivk	NA	NA	NA	2023-03-13	1365	5316484	101679	7800	00:22:45	6374	4034
10	274	5	10_05	Timeshares	March 19, 2023	0.38	post_covid	Bd2bbHoVQSM	https://www.youtube.com/watch?v=Bd2bbHoVQSM	NA	NA	NA	2023-03-20	1531	7022153	124522	9400	00:25:31	6787	4495
10	275	6	10_06	Solitary confinement	April 2, 2023	0.47	post_covid	_uSZwErdH3I	https://www.youtube.com/watch?v=_uSZwErdH3I	NA	NA	NA	2023-04-03	1211	4417997	106964	8700	00:20:11	5411	3392
10	276	7	10_07	Homeowner Associations	April 9, 2023	0.48	post_covid	qrizmAo17Os	https://www.youtube.com/watch?v=qrizmAo17Os	NA	NA	NA	2023-04-10	1527	7133802	144436	20000	00:25:27	6680	4377
10	277	8	10_08	Farmworkers	April 16, 2023	0.5	post_covid	41vETgarh_8	https://www.youtube.com/watch?v=41vETgarh_8	NA	NA	NA	2023-04-17	1501	5074120	110643	7900	00:25:01	6739	4337
10	278	9	10_09	Cryptocurrencies II	April 23, 2023	0.46	post_covid	o7zazuy_UfI	https://www.youtube.com/watch?v=o7zazuy_UfI	NA	NA	NA	2023-04-24	1453	7269678	131088	8800	00:24:13	6564	4316
10	279	10	10_10	Biden & The Border	April 30, 2023	0.46	post_covid	sy5VQvDGKd4	https://www.youtube.com/watch?v=sy5VQvDGKd4	NA	NA	NA	2023-05-01	1184	5128731	94000	8800	00:19:44	5717	3582
10	280	11	10_11	Prison health care	October 1, 2023	0.32	post_covid	82QYlbiawJI	https://www.youtube.com/watch?v=82QYlbiawJI	NA	NA	NA	2023-10-02	1147	3159869	98999	6800	00:19:07	5361	3421
10	281	12	10_12	Homeschooling	October 8, 2023	0.33	post_covid	lzsZP9o7SlI	https://www.youtube.com/watch?v=lzsZP9o7SlI	NA	NA	NA	2023-10-09	1465	6763167	152826	19000	00:24:25	6721	4274
10	282	13	10_13	Food safety	October 15, 2023	0.4	post_covid	Za45bT41sXg	https://www.youtube.com/watch?v=Za45bT41sXg	NA	NA	NA	2023-10-16	1222	4487846	100291	5300	00:20:22	5475	3514
10	283	14	10_14	McKinsey	October 22, 2023	0.36	post_covid	AiOUojVd6xQ	https://www.youtube.com/watch?v=AiOUojVd6xQ	NA	NA	NA	2023-10-23	1601	8960310	190822	8500	00:26:41	7387	4627
10	284	15	10_15	Chocolate	October 29, 2023	0.42	post_covid	FwHMDjc7qJ8	https://www.youtube.com/watch?v=FwHMDjc7qJ8	NA	NA	NA	2023-10-30	1381	6061089	142191	8100	00:23:01	6109	3934
10	285	16	10_16	Abortion rights	November 5, 2023	0.39	post_covid	6eH2BItdo0M	https://www.youtube.com/watch?v=6eH2BItdo0M	NA	NA	NA	2023-11-06	1365	3404157	96836	15000	00:22:45	6625	4160
10	286	17	10_17	Israel–Hamas war	November 12, 2023	0.5	post_covid	pJ9PKQbkJv8	https://www.youtube.com/watch?v=pJ9PKQbkJv8	NA	NA	NA	2023-11-13	1914	9052663	289225	29000	00:31:54	8639	5374
10	287	18	10_18	Dollar stores	November 19, 2023	0.46	post_covid	p4QGOHahiVM	https://www.youtube.com/watch?v=p4QGOHahiVM	NA	NA	NA	2023-11-20	1314	7963308	175456	14000	00:21:54	5873	3782
10	288	19	10_19	Organ & body donations	December 3, 2023	0.42	post_covid	Tn7egDQ9lPg	https://www.youtube.com/watch?v=Tn7egDQ9lPg	NA	NA	NA	2023-12-04	1897	4443154	103279	5600	00:31:37	8728	5541
10	289	20	10_20	Freight railroads in the United States	December 10, 2023	0.36	post_covid	AJ2keSJzYyY	https://www.youtube.com/watch?v=AJ2keSJzYyY	NA	NA	NA	2023-12-11	1660	5686559	159153	9900	00:27:40	6938	4573
10	290	21	10_21	Elon Musk	December 17, 2023	0.41	post_covid	Eo3zORUGCbM	https://www.youtube.com/watch?v=Eo3zORUGCbM	NA	NA	NA	2023-12-18	1863	11846190	262505	29000	00:31:03	8532	5530
11	291	1	11_01	Supreme Court ethics	February 18, 2024	0.5	post_covid	GE-VJrdHMug	https://www.youtube.com/watch?v=GE-VJrdHMug	NA	NA	NA	2024-02-22	1821	6612106	235956	18000	00:30:21	8413	5424
11	292	2	11_02	Pig butchering scams	February 25, 2024	0.4	post_covid	pLPpl2ISKTg	https://www.youtube.com/watch?v=pLPpl2ISKTg	NA	NA	NA	2024-02-29	1467	5418507	133336	8900	00:24:27	6632	4403
11	293	3	11_03	Boeing	March 3, 2024	0.45	post_covid	Q8oCilY4szc	https://www.youtube.com/watch?v=Q8oCilY4szc	NA	NA	NA	2024-03-07	1956	9551330	198769	14000	00:32:36	8554	5475
11	294	4	11_04	State medical boards	March 10, 2024	0.42	post_covid	jVIYbgVks7E	https://www.youtube.com/watch?v=jVIYbgVks7E	NA	NA	NA	2024-03-14	1376	3579690	84300	4600	00:22:56	6460	4012
11	295	5	11_05	Student loans	March 17, 2024	0.45	post_covid	zN2_0WC7UfU	https://www.youtube.com/watch?v=zN2_0WC7UfU	NA	NA	NA	2024-03-21	1802	4083625	119924	14000	00:30:02	8102	5334
11	296	6	11_06	Food delivery apps	March 31, 2024	0.41	post_covid	aFsfJYWpqII	https://www.youtube.com/watch?v=aFsfJYWpqII	NA	NA	NA	2024-04-04	1571	6130280	137379	12000	00:26:11	7469	4827
11	297	7	11_07	Executions	April 7, 2024	0.45	post_covid	SOn3wba8c-Y	https://www.youtube.com/watch?v=SOn3wba8c-Y	NA	NA	NA	2024-04-11	1710	3550405	97146	6300	00:28:30	8058	5086
11	298	8	11_08	Medicaid	April 14, 2024	0.32	post_covid	bVIsnOfNfCo	https://www.youtube.com/watch?v=bVIsnOfNfCo	NA	NA	NA	2024-04-18	1692	3346848	84728	8800	00:28:12	8054	5155
11	299	9	11_09	UFOs	April 21, 2024	0.37	post_covid	zRdhoYqCAQg	https://www.youtube.com/watch?v=zRdhoYqCAQg	NA	NA	NA	2024-04-25	1578	7076708	160472	11000	00:26:18	7354	4685
11	300	10	11_10	Libraries	May 5, 2024	0.3	post_covid	42xZB80sZaI	https://www.youtube.com/watch?v=42xZB80sZaI	NA	NA	NA	2024-05-09	1674	3604264	106368	10000	00:27:54	7634	4952
11	301	11	11_11	Opioid settlements	May 12, 2024	0.37	post_covid	Io0yuH1CiA0	https://www.youtube.com/watch?v=Io0yuH1CiA0	NA	NA	NA	2024-05-16	1508	2948914	69532	4800	00:25:08	6993	4403
11	302	12	11_12	Corn	May 19, 2024	0.33	post_covid	MI78WOW_u-Q	https://www.youtube.com/watch?v=MI78WOW_u-Q	NA	NA	NA	2024-05-23	1493	4217650	101799	5500	00:24:53	6686	4388
11	303	13	11_13	Indian elections	June 2, 2024	0.39	post_covid	JTwaXIUepdk	https://www.youtube.com/watch?v=JTwaXIUepdk	NA	NA	NA	2024-06-06	1405	4192756	134494	17000	00:23:25	6541	4196
11	304	14	11_14	Deep-sea mining	June 9, 2024	0.4	post_covid	qW7CGTK-1vA	https://www.youtube.com/watch?v=qW7CGTK-1vA	NA	NA	NA	2024-06-13	1398	3220840	82056	4800	00:23:18	6719	4307
11	305	15	11_15	Trump's second term	June 16, 2024	NA	post_covid	gYwqpx6lp_s	https://www.youtube.com/watch?v=gYwqpx6lp_s	NA	aligned	NA	2024-06-20	1755	10031374	234732	36000	00:29:15	8508	5406
11	306	16	11_16	UK elections	June 23, 2024	NA	post_covid	tkAqwHiAR-g	https://www.youtube.com/watch?v=tkAqwHiAR-g	NA	NA	NA	2024-06-27	1766	5421227	137556	9000	00:29:26	8156	5375
11	307	17	11_17	RNC & 'migrant crimes'	July 21, 2024	0.46	post_covid	axsgzg3RyF0	https://www.youtube.com/watch?v=axsgzg3RyF0	NA	NA	NA	2024-07-25	1541	4295289	122245	10000	00:25:41	6684	4327
11	308	18	11_18	The West Bank	July 28, 2024	0.37	post_covid	NqK3_n6pdDY	https://www.youtube.com/watch?v=NqK3_n6pdDY	NA	NA	NA	2024-08-01	1837	4420131	166345	19000	00:30:37	8875	5425
11	309	19	11_19	RFK Jr.	August 4, 2024	0.41	post_covid	1gUP_43J7wY	https://www.youtube.com/watch?v=1gUP_43J7wY	NA	NA	NA	2024-08-08	1891	6292105	146870	21000	00:31:31	8854	5824
11	310	20	11_20	Hawaii	August 11, 2024	0.33	post_covid	j8DxdibHibU	https://www.youtube.com/watch?v=j8DxdibHibU	NA	NA	NA	2024-08-15	1562	4725049	123058	8300	00:26:02	7197	4604
11	311	21	11_21	Mappractice	August 18, 2024	0.4	post_covid	u2ii0DCREzA	https://www.youtube.com/watch?v=u2ii0DCREzA	NA	NA	NA	2024-08-22	1735	2540799	63533	3400	00:28:55	8051	5002
11	312	22	11_22	The U.S. National School Lunch Program	September 8, 2024	0.34	post_covid	-YypArYDcjA	https://www.youtube.com/watch?v=-YypArYDcjA	NA	NA	NA	2024-09-12	1567	2994897	85755	8900	00:26:07	7146	4777
11	313	23	11_23	Disability benefits	September 22, 2024	NA	post_covid	hq2s7RMRsgs	https://www.youtube.com/watch?v=hq2s7RMRsgs	NA	NA	NA	2024-09-26	1446	2006029	67572	8300	00:24:06	6547	4090
11	314	24	11_24	Federal courts	September 29, 2024	NA	post_covid	j3w8-d_fnqE	https://www.youtube.com/watch?v=j3w8-d_fnqE	NA	NA	NA	2024-10-03	1630	2083559	57690	3800	00:27:10	7723	4779
